{
    "server": {
        "hostname": "0.0.0.0",
        "port": 3000
    },
    "amadeus": {
        "liquidityPercentage": 0.05,
        "ticker": {
            "ETH-REP": {
                "bid": 0.05722000,
                "ask": 0.05793424
            },
            "ETH-ZRX": {
                "bid": 0.00060272,
                "ask": 0.00064500
            },
            "REP-ZRX": {
                "bid": 0.01053338,
                "ask": 0.01113331
            }
        },
        "tradableTokens": [
            "ETH",
            "REP",
            "ZRX"
        ],
        // "wallet": "0xf14958eca9f5b341f74916aacfb6e3d2fb9a4a15"
        "wallet": "0x5409ed021d9299bf6814279a6a1411a7e866a631"
    }
}